INSERT INTO CANCION(TITULO, ARTISTA, ALBUM, ANNO, GENERO) VALUES ('CANCION001', 'ARTISTA001', 'ALBUM001', '2008', 'POP');
INSERT INTO CANCION(TITULO, ARTISTA, ALBUM, ANNO, GENERO) VALUES ('CANCION002', 'ARTISTA001', 'ALBUM001', '2008', 'POP');
INSERT INTO CANCION(TITULO, ARTISTA, ALBUM, ANNO, GENERO) VALUES ('CANCION003', 'ARTISTA002', 'ALBUM002', '2008', 'POP');
INSERT INTO CANCION(TITULO, ARTISTA, ALBUM, ANNO, GENERO) VALUES ('CANCION004', 'ARTISTA002', 'ALBUM002', '2008', 'POP');
INSERT INTO CANCION(TITULO, ARTISTA, ALBUM, ANNO, GENERO) VALUES ('CANCION005', 'ARTISTA003', 'ALBUM003', '2008', 'POP');
INSERT INTO CANCION(TITULO, ARTISTA, ALBUM, ANNO, GENERO) VALUES ('CANCION006', 'ARTISTA004', 'ALBUM004', '2008', 'POP');
INSERT INTO CANCION(TITULO, ARTISTA, ALBUM, ANNO, GENERO) VALUES ('CANCION007', 'ARTISTA003', 'ALBUM003', '2008', 'POP');
INSERT INTO CANCION(TITULO, ARTISTA, ALBUM, ANNO, GENERO) VALUES ('CANCION008', 'ARTISTA005', 'ALBUM005', '2008', 'POP');
INSERT INTO CANCION(TITULO, ARTISTA, ALBUM, ANNO, GENERO) VALUES ('CANCION009', 'ARTISTA004', 'ALBUM004', '2008', 'POP');
INSERT INTO CANCION(TITULO, ARTISTA, ALBUM, ANNO, GENERO) VALUES ('CANCION0010', 'ARTISTA006', 'ALBUM006', '2008', 'POP');
INSERT INTO CANCION(TITULO, ARTISTA, ALBUM, ANNO, GENERO) VALUES ('CANCION0011', 'ARTISTA003', 'ALBUM003', '2008', 'POP');
INSERT INTO LISTA_REPRODUCCION(NOMBRE, DESCRIPCION) VALUES ('LISTA 1', 'Lista de reproduccion 1');
INSERT INTO LISTA_REPRODUCCION(NOMBRE, DESCRIPCION) VALUES ('LISTA 1', 'Lista de reproduccion 2');
INSERT INTO LISTA_REPRODUCCION(NOMBRE, DESCRIPCION) VALUES ('LISTA 1', 'Lista de reproduccion 3');
INSERT INTO LISTA_REPRODUCCION(NOMBRE, DESCRIPCION) VALUES ('LISTA 1', 'Lista de reproduccion 4');
INSERT INTO CANCION_LISTA(ID_CANCION, ID_LISTA_REPRODUCCION) VALUES ('CANCION001', 'Lista de reproduccion 1');
INSERT INTO CANCION_LISTA(ID_CANCION, ID_LISTA_REPRODUCCION) VALUES ('CANCION002', 'Lista de reproduccion 1');
INSERT INTO CANCION_LISTA(ID_CANCION, ID_LISTA_REPRODUCCION) VALUES ('CANCION003', 'Lista de reproduccion 1');
INSERT INTO CANCION_LISTA(ID_CANCION, ID_LISTA_REPRODUCCION) VALUES ('CANCION004', 'Lista de reproduccion 1');
INSERT INTO CANCION_LISTA(ID_CANCION, ID_LISTA_REPRODUCCION) VALUES ('CANCION004', 'Lista de reproduccion 2');
INSERT INTO CANCION_LISTA(ID_CANCION, ID_LISTA_REPRODUCCION) VALUES ('CANCION003', 'Lista de reproduccion 2');
INSERT INTO CANCION_LISTA(ID_CANCION, ID_LISTA_REPRODUCCION) VALUES ('CANCION005', 'Lista de reproduccion 2');
INSERT INTO CANCION_LISTA(ID_CANCION, ID_LISTA_REPRODUCCION) VALUES ('CANCION006', 'Lista de reproduccion 2');
INSERT INTO CANCION_LISTA(ID_CANCION, ID_LISTA_REPRODUCCION) VALUES ('CANCION005', 'Lista de reproduccion 3');
INSERT INTO CANCION_LISTA(ID_CANCION, ID_LISTA_REPRODUCCION) VALUES ('CANCION006', 'Lista de reproduccion 3');
INSERT INTO CANCION_LISTA(ID_CANCION, ID_LISTA_REPRODUCCION) VALUES ('CANCION007', 'Lista de reproduccion 3');
INSERT INTO CANCION_LISTA(ID_CANCION, ID_LISTA_REPRODUCCION) VALUES ('CANCION008', 'Lista de reproduccion 3');
INSERT INTO CANCION_LISTA(ID_CANCION, ID_LISTA_REPRODUCCION) VALUES ('CANCION007', 'Lista de reproduccion 4');
INSERT INTO CANCION_LISTA(ID_CANCION, ID_LISTA_REPRODUCCION) VALUES ('CANCION009', 'Lista de reproduccion 4');
INSERT INTO CANCION_LISTA(ID_CANCION, ID_LISTA_REPRODUCCION) VALUES ('CANCION0010', 'Lista de reproduccion 4');
INSERT INTO CANCION_LISTA(ID_CANCION, ID_LISTA_REPRODUCCION) VALUES ('CANCION0011', 'Lista de reproduccion 4');